{
    "metrics": {
        "checks": {
            "fails": 0,
            "passes": 46,
            "value": 0
        },
        "data_received": {
            "count": 162334,
            "rate": 8116.646874111215
        },
        "data_sent": {
            "count": 45724,
            "rate": 2286.1850362330824
        },
        "http_req_blocked": {
            "avg": 1044.094592391304,
            "max": 1085.525471,
            "med": 1042.445058,
            "min": 1002.475359,
            "p(90)": 1075.4404075,
            "p(95)": 1078.31559625
        },
        "http_req_connecting": {
            "avg": 306.16080284782606,
            "max": 309.34785,
            "med": 308.0593305,
            "min": 285.707037,
            "p(90)": 308.874259,
            "p(95)": 309.0945
        },
        "http_req_duration": {
            "avg": 10593.661994456523,
            "max": 18898.797764,
            "med": 10612.7314155,
            "min": 2304.116154,
            "p(90)": 17149.4530835,
            "p(95)": 18046.16598425
        },
        "http_req_receiving": {
            "avg": 0.12361178260869565,
            "max": 0.40479,
            "med": 0.107377,
            "min": 0.067918,
            "p(90)": 0.164539,
            "p(95)": 0.19628475
        },
        "http_req_sending": {
            "avg": 0.10575328260869564,
            "max": 0.276633,
            "med": 0.08516599999999999,
            "min": 0.057408,
            "p(90)": 0.17486000000000002,
            "p(95)": 0.237186
        },
        "http_req_tls_handshaking": {
            "avg": 603.1888155,
            "max": 643.541373,
            "med": 601.208704,
            "min": 564.781757,
            "p(90)": 633.4595400000001,
            "p(95)": 635.67853825
        },
        "http_req_waiting": {
            "avg": 10593.432629391304,
            "max": 18898.641841,
            "med": 10612.515293,
            "min": 2303.797747,
            "p(90)": 17149.2769975,
            "p(95)": 18045.961872
        },
        "http_reqs": {
            "count": 46,
            "rate": 2.2999849459085335
        },
        "iteration_duration": {
            "avg": 11638.122788108696,
            "max": 19984.641487,
            "med": 11655.739386500001,
            "min": 3307.0129,
            "p(90)": 18224.184721,
            "p(95)": 19124.7995485
        },
        "iterations": {
            "count": 46,
            "rate": 2.2999849459085335
        },
        "vus": {
            "max": 100,
            "min": 100,
            "value": 100
        },
        "vus_max": {
            "max": 100,
            "min": 100,
            "value": 100
        }
    },
    "root_group": {
        "name": "",
        "path": "",
        "id": "d41d8cd98f00b204e9800998ecf8427e",
        "groups": {},
        "checks": {
            "is response 200?": {
                "name": "is response 200?",
                "path": "::is response 200?",
                "id": "affbb1946d73175d0677234760f1ae72",
                "passes": 46,
                "fails": 0
            }
        }
    }
}
