{
    "metrics": {
        "checks": {
            "fails": 0,
            "passes": 755,
            "value": 0
        },
        "data_received": {
            "count": 1012434,
            "rate": 16873.865510100128
        },
        "data_sent": {
            "count": 361524,
            "rate": 6025.387684207997
        },
        "http_req_blocked": {
            "avg": 524.515193913907,
            "max": 2403.825321,
            "med": 0.008514,
            "min": 0.00207,
            "p(90)": 1479.5165854,
            "p(95)": 2214.2747550999998
        },
        "http_req_connecting": {
            "avg": 98.6629763668874,
            "max": 366.43499,
            "med": 0,
            "min": 0,
            "p(90)": 310.28249460000006,
            "p(95)": 328.9744778999998
        },
        "http_req_duration": {
            "avg": 14596.891970517876,
            "max": 20423.86639,
            "med": 15469.065901,
            "min": 2086.858578,
            "p(90)": 18796.854333400002,
            "p(95)": 18869.1891671
        },
        "http_req_receiving": {
            "avg": 0.0961212331125827,
            "max": 0.319473,
            "med": 0.088005,
            "min": 0.042537,
            "p(90)": 0.1250028,
            "p(95)": 0.1580437999999999
        },
        "http_req_sending": {
            "avg": 0.04781197615894041,
            "max": 0.397023,
            "med": 0.033602,
            "min": 0.009182,
            "p(90)": 0.08743300000000002,
            "p(95)": 0.10320819999999996
        },
        "http_req_tls_handshaking": {
            "avg": 356.1563462013245,
            "max": 1821.782907,
            "med": 0,
            "min": 0,
            "p(90)": 941.4120884,
            "p(95)": 1661.3292841999998
        },
        "http_req_waiting": {
            "avg": 14596.748037308585,
            "max": 20423.641377,
            "med": 15468.973553,
            "min": 2086.564367,
            "p(90)": 18796.7273238,
            "p(95)": 18868.9883082
        },
        "http_reqs": {
            "count": 755,
            "rate": 12.583307613262294
        },
        "iteration_duration": {
            "avg": 16809.271156331128,
            "max": 21908.05061,
            "med": 18749.826547,
            "min": 4153.023874,
            "p(90)": 20476.24521,
            "p(95)": 21237.632892499998
        },
        "iterations": {
            "count": 151,
            "rate": 2.5166615226524587
        },
        "vus": {
            "max": 50,
            "min": 50,
            "value": 50
        },
        "vus_max": {
            "max": 50,
            "min": 50,
            "value": 50
        }
    },
    "root_group": {
        "name": "",
        "path": "",
        "id": "d41d8cd98f00b204e9800998ecf8427e",
        "groups": {},
        "checks": {
            "is response CountAll 200?": {
                "name": "is response CountAll 200?",
                "path": "::is response CountAll 200?",
                "id": "3a9f2e0f9e07b4051996e41333547c29",
                "passes": 151,
                "fails": 0
            },
            "is response countAlumni 200?": {
                "name": "is response countAlumni 200?",
                "path": "::is response countAlumni 200?",
                "id": "98a43388412b337559970dd48af53005",
                "passes": 151,
                "fails": 0
            },
            "is response countLinkedin 200?": {
                "name": "is response countLinkedin 200?",
                "path": "::is response countLinkedin 200?",
                "id": "0f1dedd9429eb6e10c9c1afcaf8cca71",
                "passes": 151,
                "fails": 0
            },
            "is response countNotWorking 200?": {
                "name": "is response countNotWorking 200?",
                "path": "::is response countNotWorking 200?",
                "id": "9d4f6aa20c8ca3975d268d193fb49e76",
                "passes": 151,
                "fails": 0
            },
            "is response countWorking 200?": {
                "name": "is response countWorking 200?",
                "path": "::is response countWorking 200?",
                "id": "8d5694147ea605da4b53e755ac9a02f7",
                "passes": 151,
                "fails": 0
            }
        }
    }
}
