{
    "metrics": {
        "checks": {
            "fails": 0,
            "passes": 156,
            "value": 0
        },
        "data_received": {
            "count": 222666,
            "rate": 3711.0920815191225
        },
        "data_sent": {
            "count": 108636,
            "rate": 1810.59613667067
        },
        "http_req_blocked": {
            "avg": 379.724684224359,
            "max": 1186.631018,
            "med": 0.005503,
            "min": 0.004066,
            "p(90)": 1184.9715030000002,
            "p(95)": 1186.00177925
        },
        "http_req_connecting": {
            "avg": 98.28030036538462,
            "max": 308.20743,
            "med": 0,
            "min": 0,
            "p(90)": 307.15677400000004,
            "p(95)": 307.5146535
        },
        "http_req_duration": {
            "avg": 15848.431024980773,
            "max": 19757.150932,
            "med": 18634.4202715,
            "min": 736.518271,
            "p(90)": 18720.3935255,
            "p(95)": 18752.69569175
        },
        "http_req_receiving": {
            "avg": 0.0977950641025641,
            "max": 0.257663,
            "med": 0.08924850000000001,
            "min": 0.070405,
            "p(90)": 0.1192735,
            "p(95)": 0.14836675
        },
        "http_req_sending": {
            "avg": 0.06380787820512818,
            "max": 0.461452,
            "med": 0.038101,
            "min": 0.027399,
            "p(90)": 0.12848,
            "p(95)": 0.164321
        },
        "http_req_tls_handshaking": {
            "avg": 229.8881454615385,
            "max": 719.72126,
            "med": 0,
            "min": 0,
            "p(90)": 717.5712149999999,
            "p(95)": 717.7931925
        },
        "http_req_waiting": {
            "avg": 15848.269422038458,
            "max": 19757.033895,
            "med": 18634.3038445,
            "min": 736.291182,
            "p(90)": 18720.2488765,
            "p(95)": 18752.573789
        },
        "http_reqs": {
            "count": 156,
            "rate": 2.599994452305171
        },
        "iteration_duration": {
            "avg": 16228.468737589748,
            "max": 20232.163229,
            "med": 18635.44067,
            "min": 1918.941204,
            "p(90)": 18731.583906,
            "p(95)": 18781.492193
        },
        "iterations": {
            "count": 156,
            "rate": 2.599994452305171
        },
        "vus": {
            "max": 50,
            "min": 50,
            "value": 50
        },
        "vus_max": {
            "max": 50,
            "min": 50,
            "value": 50
        }
    },
    "root_group": {
        "name": "",
        "path": "",
        "id": "d41d8cd98f00b204e9800998ecf8427e",
        "groups": {},
        "checks": {
            "is response 200?": {
                "name": "is response 200?",
                "path": "::is response 200?",
                "id": "affbb1946d73175d0677234760f1ae72",
                "passes": 156,
                "fails": 0
            }
        }
    }
}
