{
    "metrics": {
        "checks": {
            "fails": 0,
            "passes": 415,
            "value": 0
        },
        "data_received": {
            "count": 956845,
            "rate": 15947.382815688743
        },
        "data_sent": {
            "count": 344355,
            "rate": 5739.237817511193
        },
        "http_req_blocked": {
            "avg": 133.65053000481916,
            "max": 1114.461031,
            "med": 0.005433,
            "min": 0.001923,
            "p(90)": 1108.2088978,
            "p(95)": 1109.1586235
        },
        "http_req_connecting": {
            "avg": 32.17840300000001,
            "max": 289.276804,
            "med": 0,
            "min": 0,
            "p(90)": 256.0248014,
            "p(95)": 269.2211841
        },
        "http_req_duration": {
            "avg": 6667.052146277104,
            "max": 7991.372117,
            "med": 7021.131145,
            "min": 531.533335,
            "p(90)": 7116.0807116,
            "p(95)": 7143.9020616
        },
        "http_req_receiving": {
            "avg": 0.09692807710843371,
            "max": 0.315045,
            "med": 0.086795,
            "min": 0.035106,
            "p(90)": 0.11889320000000005,
            "p(95)": 0.17234909999999987
        },
        "http_req_sending": {
            "avg": 0.045884759036144585,
            "max": 0.710866,
            "med": 0.037115,
            "min": 0.015281,
            "p(90)": 0.06798540000000004,
            "p(95)": 0.09565289999999996
        },
        "http_req_tls_handshaking": {
            "avg": 78.95953020963853,
            "max": 674.062594,
            "med": 0,
            "min": 0,
            "p(90)": 643.305285,
            "p(95)": 656.0163696999999
        },
        "http_req_waiting": {
            "avg": 6666.909333440964,
            "max": 7991.262702,
            "med": 7021.007551,
            "min": 531.256735,
            "p(90)": 7115.9526412,
            "p(95)": 7143.6205584
        },
        "http_reqs": {
            "count": 415,
            "rate": 6.916651984920053
        },
        "iteration_duration": {
            "avg": 6801.014609754218,
            "max": 8540.850248,
            "med": 7024.381618,
            "min": 1639.337438,
            "p(90)": 7127.9792452,
            "p(95)": 7163.8951902
        },
        "iterations": {
            "count": 415,
            "rate": 6.916651984920053
        },
        "vus": {
            "max": 50,
            "min": 50,
            "value": 50
        },
        "vus_max": {
            "max": 50,
            "min": 50,
            "value": 50
        }
    },
    "root_group": {
        "name": "",
        "path": "",
        "id": "d41d8cd98f00b204e9800998ecf8427e",
        "groups": {},
        "checks": {
            "is response status 200": {
                "name": "is response status 200",
                "path": "::is response status 200",
                "id": "04a1a203447895e588df93161ced45e7",
                "passes": 415,
                "fails": 0
            }
        }
    }
}
