{
    "metrics": {
        "checks": {
            "fails": 0,
            "passes": 133,
            "value": 0
        },
        "data_received": {
            "count": 566389,
            "rate": 28319.266349557725
        },
        "data_sent": {
            "count": 147141,
            "rate": 7357.002289840151
        },
        "http_req_blocked": {
            "avg": 899.761719037594,
            "max": 1322.278321,
            "med": 1156.943904,
            "min": 0.003978,
            "p(90)": 1275.018563,
            "p(95)": 1296.492872
        },
        "http_req_connecting": {
            "avg": 241.2043835864661,
            "max": 350.476137,
            "med": 316.0827,
            "min": 0,
            "p(90)": 334.276682,
            "p(95)": 335.3549468
        },
        "http_req_duration": {
            "avg": 8973.008007533832,
            "max": 14135.491038,
            "med": 9618.320161,
            "min": 550.809557,
            "p(90)": 13927.4784086,
            "p(95)": 13960.2249366
        },
        "http_req_receiving": {
            "avg": 0.1261516766917293,
            "max": 0.455965,
            "med": 0.118427,
            "min": 0.074714,
            "p(90)": 0.153801,
            "p(95)": 0.18399279999999982
        },
        "http_req_sending": {
            "avg": 0.07713074436090224,
            "max": 0.268716,
            "med": 0.072013,
            "min": 0.031452,
            "p(90)": 0.11316659999999999,
            "p(95)": 0.1280874
        },
        "http_req_tls_handshaking": {
            "avg": 492.5417240827068,
            "max": 752.518077,
            "med": 625.621512,
            "min": 0,
            "p(90)": 714.0105736,
            "p(95)": 728.7444012
        },
        "http_req_waiting": {
            "avg": 8972.804725112783,
            "max": 14135.277154,
            "med": 9618.145968,
            "min": 550.557146,
            "p(90)": 13927.3263878,
            "p(95)": 13960.057757
        },
        "http_reqs": {
            "count": 133,
            "rate": 6.649956875029666
        },
        "iteration_duration": {
            "avg": 9873.145572969928,
            "max": 15458.233691,
            "med": 10849.458098,
            "min": 1642.747834,
            "p(90)": 13981.1030168,
            "p(95)": 14490.153232399998
        },
        "iterations": {
            "count": 133,
            "rate": 6.649956875029666
        },
        "vus": {
            "max": 100,
            "min": 100,
            "value": 100
        },
        "vus_max": {
            "max": 100,
            "min": 100,
            "value": 100
        }
    },
    "root_group": {
        "name": "",
        "path": "",
        "id": "d41d8cd98f00b204e9800998ecf8427e",
        "groups": {},
        "checks": {
            "is response status 200": {
                "name": "is response status 200",
                "path": "::is response status 200",
                "id": "04a1a203447895e588df93161ced45e7",
                "passes": 133,
                "fails": 0
            }
        }
    }
}
