{
    "metrics": {
        "checks": {
            "fails": 0,
            "passes": 264,
            "value": 0
        },
        "data_received": {
            "count": 1065420,
            "rate": 53270.654768867644
        },
        "data_sent": {
            "count": 174912,
            "rate": 8745.543322757389
        },
        "http_req_blocked": {
            "avg": 1042.9627456528303,
            "max": 2183.107382,
            "med": 1225.069632,
            "min": 0.003871,
            "p(90)": 2007.4286336,
            "p(95)": 2088.3531344000003
        },
        "http_req_connecting": {
            "avg": 230.0118137018867,
            "max": 358.353873,
            "med": 296.314892,
            "min": 0,
            "p(90)": 321.93745640000003,
            "p(95)": 328.951352
        },
        "http_req_duration": {
            "avg": 8139.946327426418,
            "max": 13243.773937,
            "med": 9570.004499,
            "min": 503.30863,
            "p(90)": 12242.9443606,
            "p(95)": 12492.1098144
        },
        "http_req_receiving": {
            "avg": 0.10572206415094344,
            "max": 0.371723,
            "med": 0.094267,
            "min": 0.029035,
            "p(90)": 0.1336988,
            "p(95)": 0.19901799999999964
        },
        "http_req_sending": {
            "avg": 0.07166477735849049,
            "max": 0.250342,
            "med": 0.064922,
            "min": 0.020073,
            "p(90)": 0.12320879999999995,
            "p(95)": 0.14439939999999996
        },
        "http_req_tls_handshaking": {
            "avg": 705.6900068603771,
            "max": 1684.262406,
            "med": 795.426587,
            "min": 0,
            "p(90)": 1530.1642208,
            "p(95)": 1601.0481424
        },
        "http_req_waiting": {
            "avg": 8139.768940584902,
            "max": 13243.609818,
            "med": 9569.838536,
            "min": 503.132614,
            "p(90)": 12242.839477200001,
            "p(95)": 12491.953097
        },
        "http_reqs": {
            "count": 265,
            "rate": 13.249914131281491
        },
        "iteration_duration": {
            "avg": 10924.827505075753,
            "max": 15427.320436,
            "med": 11247.876350999999,
            "min": 3078.314593,
            "p(90)": 14492.3753503,
            "p(95)": 14839.738104949998
        },
        "iterations": {
            "count": 132,
            "rate": 6.599957227657195
        },
        "vus": {
            "max": 100,
            "min": 100,
            "value": 100
        },
        "vus_max": {
            "max": 100,
            "min": 100,
            "value": 100
        }
    },
    "root_group": {
        "name": "",
        "path": "",
        "id": "d41d8cd98f00b204e9800998ecf8427e",
        "groups": {},
        "checks": {
            "is Response get Detail Alumni 200?": {
                "name": "is Response get Detail Alumni 200?",
                "path": "::is Response get Detail Alumni 200?",
                "id": "324272cd21515444029fee8907beb7b0",
                "passes": 133,
                "fails": 0
            },
            "is Response get majors 200?": {
                "name": "is Response get majors 200?",
                "path": "::is Response get majors 200?",
                "id": "cbc113b71981eaec429ec789a08fc476",
                "passes": 133,
                "fails": 0
            }
        }
    }
}
