{
    "metrics": {
        "checks": {
            "fails": 0,
            "passes": 820,
            "value": 0
        },
        "data_received": {
            "count": 1697150,
            "rate": 28285.76981103721
        },
        "data_sent": {
            "count": 316560,
            "rate": 5275.988151537542
        },
        "http_req_blocked": {
            "avg": 139.52971779171727,
            "max": 1234.482858,
            "med": 0.006201,
            "min": 0.002673,
            "p(90)": 1105.055119,
            "p(95)": 1151.971284
        },
        "http_req_connecting": {
            "avg": 33.711557747868454,
            "max": 310.525933,
            "med": 0,
            "min": 0,
            "p(90)": 264.745933,
            "p(95)": 279.775418
        },
        "http_req_duration": {
            "avg": 6555.193409225339,
            "max": 8236.149603,
            "med": 7034.473293,
            "min": 529.331429,
            "p(90)": 7169.250133,
            "p(95)": 7232.880054
        },
        "http_req_receiving": {
            "avg": 0.10307387697929346,
            "max": 0.338932,
            "med": 0.095754,
            "min": 0.047924,
            "p(90)": 0.133554,
            "p(95)": 0.151979
        },
        "http_req_sending": {
            "avg": 0.03669027283800243,
            "max": 0.321436,
            "med": 0.030519,
            "min": 0.015521,
            "p(90)": 0.062168,
            "p(95)": 0.07326
        },
        "http_req_tls_handshaking": {
            "avg": 86.08346671132763,
            "max": 760.432623,
            "med": 0,
            "min": 0,
            "p(90)": 682.542011,
            "p(95)": 707.647942
        },
        "http_req_waiting": {
            "avg": 6555.05364507551,
            "max": 8236.027914,
            "med": 7034.349052,
            "min": 529.140906,
            "p(90)": 7169.109158,
            "p(95)": 7232.718735
        },
        "http_reqs": {
            "count": 821,
            "rate": 13.683302604284565
        },
        "iteration_duration": {
            "avg": 6883.005466770734,
            "max": 8753.161906,
            "med": 7081.644627,
            "min": 1893.146179,
            "p(90)": 7251.2458408,
            "p(95)": 7523.0033920999995
        },
        "iterations": {
            "count": 410,
            "rate": 6.833317987523351
        },
        "vus": {
            "max": 50,
            "min": 50,
            "value": 50
        },
        "vus_max": {
            "max": 50,
            "min": 50,
            "value": 50
        }
    },
    "root_group": {
        "name": "",
        "path": "",
        "id": "d41d8cd98f00b204e9800998ecf8427e",
        "groups": {},
        "checks": {
            "is Response get Detail Alumni 200?": {
                "name": "is Response get Detail Alumni 200?",
                "path": "::is Response get Detail Alumni 200?",
                "id": "324272cd21515444029fee8907beb7b0",
                "passes": 411,
                "fails": 0
            },
            "is Response get majors 200?": {
                "name": "is Response get majors 200?",
                "path": "::is Response get majors 200?",
                "id": "cbc113b71981eaec429ec789a08fc476",
                "passes": 411,
                "fails": 0
            }
        }
    }
}
