{
    "metrics": {
        "checks": {
            "fails": 0,
            "passes": 582,
            "value": 0
        },
        "data_received": {
            "count": 5220098,
            "rate": 87001.44505930618
        },
        "data_sent": {
            "count": 232650,
            "rate": 3877.4916089789085
        },
        "http_req_blocked": {
            "avg": 180.6292264933552,
            "max": 1220.161734,
            "med": 0.006096,
            "min": 0.003296,
            "p(90)": 1050.2395715,
            "p(95)": 1117.9599224999997
        },
        "http_req_connecting": {
            "avg": 45.334806450166134,
            "max": 310.367718,
            "med": 0,
            "min": 0,
            "p(90)": 266.3993891,
            "p(95)": 278.48137629999997
        },
        "http_req_duration": {
            "avg": 7003.127434935213,
            "max": 13702.845559,
            "med": 7173.0885165,
            "min": 516.441919,
            "p(90)": 9641.568163200001,
            "p(95)": 9828.749418349998
        },
        "http_req_receiving": {
            "avg": 0.12001296013289038,
            "max": 0.354257,
            "med": 0.10905200000000001,
            "min": 0.068546,
            "p(90)": 0.1666779,
            "p(95)": 0.1982566999999999
        },
        "http_req_sending": {
            "avg": 0.03796306810631234,
            "max": 0.233299,
            "med": 0.0297345,
            "min": 0.014673,
            "p(90)": 0.0655665,
            "p(95)": 0.08614384999999988
        },
        "http_req_tls_handshaking": {
            "avg": 104.30461701993353,
            "max": 728.550347,
            "med": 0,
            "min": 0,
            "p(90)": 599.9748027,
            "p(95)": 646.63030355
        },
        "http_req_waiting": {
            "avg": 7002.969458906978,
            "max": 13702.729968,
            "med": 7172.9563495,
            "min": 516.116549,
            "p(90)": 9641.422218099999,
            "p(95)": 9828.569615199998
        },
        "http_reqs": {
            "count": 602,
            "rate": 10.033311620912542
        },
        "iteration_duration": {
            "avg": 9588.549022243995,
            "max": 13703.195309,
            "med": 9533.11716,
            "min": 7068.292621,
            "p(90)": 10420.463843,
            "p(95)": 10922.623660000001
        },
        "iterations": {
            "count": 291,
            "rate": 4.849989504461046
        },
        "vus": {
            "max": 50,
            "min": 50,
            "value": 50
        },
        "vus_max": {
            "max": 50,
            "min": 50,
            "value": 50
        }
    },
    "root_group": {
        "name": "",
        "path": "",
        "id": "d41d8cd98f00b204e9800998ecf8427e",
        "groups": {},
        "checks": {
            "is alumni status 200": {
                "name": "is alumni status 200",
                "path": "::is alumni status 200",
                "id": "5c17f51d4a8b7e94fb6e7746aa4ca517",
                "passes": 291,
                "fails": 0
            },
            "is linkedin alumni status 200": {
                "name": "is linkedin alumni status 200",
                "path": "::is linkedin alumni status 200",
                "id": "ea47acac2a341d9a20952af3620d7a35",
                "passes": 291,
                "fails": 0
            }
        }
    }
}
