{
    "metrics": {
        "checks": {
            "fails": 0,
            "passes": 98,
            "value": 0
        },
        "data_received": {
            "count": 1607028,
            "rate": 80350.90343543432
        },
        "data_sent": {
            "count": 137886,
            "rate": 6894.257393834019
        },
        "http_req_blocked": {
            "avg": 1122.3376626020408,
            "max": 1247.587895,
            "med": 1116.0404680000001,
            "min": 1027.055682,
            "p(90)": 1213.3231761,
            "p(95)": 1228.91826
        },
        "http_req_connecting": {
            "avg": 307.880952877551,
            "max": 327.698429,
            "med": 309.825708,
            "min": 292.910851,
            "p(90)": 311.10488730000003,
            "p(95)": 313.53376895
        },
        "http_req_duration": {
            "avg": 9772.632197071427,
            "max": 18744.478232,
            "med": 9872.95802,
            "min": 604.852618,
            "p(90)": 17063.4635271,
            "p(95)": 17897.1255403
        },
        "http_req_receiving": {
            "avg": 29.302043010204063,
            "max": 304.525116,
            "med": 0.1781915,
            "min": 0.079844,
            "p(90)": 239.67886739999997,
            "p(95)": 252.36973964999996
        },
        "http_req_sending": {
            "avg": 0.08924410204081633,
            "max": 0.296482,
            "med": 0.0762465,
            "min": 0.04701,
            "p(90)": 0.1260868,
            "p(95)": 0.14377939999999992
        },
        "http_req_tls_handshaking": {
            "avg": 651.5612401020408,
            "max": 761.998318,
            "med": 648.256206,
            "min": 561.776114,
            "p(90)": 729.8181635,
            "p(95)": 743.7761292499999
        },
        "http_req_waiting": {
            "avg": 9743.240909959184,
            "max": 18744.256564,
            "med": 9763.756207999999,
            "min": 603.475258,
            "p(90)": 17005.7510689,
            "p(95)": 17896.907274999998
        },
        "http_reqs": {
            "count": 98,
            "rate": 4.899969718432139
        },
        "iteration_duration": {
            "avg": 10895.341800602044,
            "max": 19992.413326,
            "med": 10989.718174000001,
            "min": 1632.602094,
            "p(90)": 18280.224262,
            "p(95)": 19124.937393949996
        },
        "iterations": {
            "count": 98,
            "rate": 4.899969718432139
        },
        "vus": {
            "max": 100,
            "min": 100,
            "value": 100
        },
        "vus_max": {
            "max": 100,
            "min": 100,
            "value": 100
        }
    },
    "root_group": {
        "name": "",
        "path": "",
        "id": "d41d8cd98f00b204e9800998ecf8427e",
        "groups": {},
        "checks": {
            "is status 200": {
                "name": "is status 200",
                "path": "::is status 200",
                "id": "548d37ca5f33793206f7832e7cea54fb",
                "passes": 98,
                "fails": 0
            }
        }
    }
}
