{
    "metrics": {
        "checks": {
            "fails": 0,
            "passes": 309,
            "value": 0
        },
        "data_received": {
            "count": 4263453,
            "rate": 71057.40206204177
        },
        "data_sent": {
            "count": 321321,
            "rate": 5355.33885045228
        },
        "http_req_blocked": {
            "avg": 166.92572722977334,
            "max": 1078.215494,
            "med": 0.005318,
            "min": 0.00144,
            "p(90)": 1023.0680851999999,
            "p(95)": 1042.8629054
        },
        "http_req_connecting": {
            "avg": 43.62394172815533,
            "max": 289.817236,
            "med": 0,
            "min": 0,
            "p(90)": 267.97394560000004,
            "p(95)": 273.7156016
        },
        "http_req_duration": {
            "avg": 8776.949641126212,
            "max": 17811.121521,
            "med": 9138.930165,
            "min": 767.589421,
            "p(90)": 11723.5521044,
            "p(95)": 12682.284150399997
        },
        "http_req_receiving": {
            "avg": 11.537834071197418,
            "max": 272.255398,
            "med": 0.113933,
            "min": 0.038357,
            "p(90)": 0.2141824,
            "p(95)": 0.560418799999995
        },
        "http_req_sending": {
            "avg": 0.048121152103559876,
            "max": 0.365541,
            "med": 0.037346,
            "min": 0.011019,
            "p(90)": 0.08328379999999998,
            "p(95)": 0.1087832
        },
        "http_req_tls_handshaking": {
            "avg": 104.13607062459548,
            "max": 675.886399,
            "med": 0,
            "min": 0,
            "p(90)": 637.6282061999999,
            "p(95)": 650.268478
        },
        "http_req_waiting": {
            "avg": 8765.363685902916,
            "max": 17810.980335,
            "med": 9138.816155,
            "min": 549.05967,
            "p(90)": 11723.383713,
            "p(95)": 12682.139395399996
        },
        "http_reqs": {
            "count": 309,
            "rate": 5.149989277979823
        },
        "iteration_duration": {
            "avg": 8944.193019854365,
            "max": 17811.436713,
            "med": 9179.606966,
            "min": 1766.052313,
            "p(90)": 11723.9100534,
            "p(95)": 12682.604004399996
        },
        "iterations": {
            "count": 309,
            "rate": 5.149989277979823
        },
        "vus": {
            "max": 50,
            "min": 50,
            "value": 50
        },
        "vus_max": {
            "max": 50,
            "min": 50,
            "value": 50
        }
    },
    "root_group": {
        "name": "",
        "path": "",
        "id": "d41d8cd98f00b204e9800998ecf8427e",
        "groups": {},
        "checks": {
            "is status 200": {
                "name": "is status 200",
                "path": "::is status 200",
                "id": "548d37ca5f33793206f7832e7cea54fb",
                "passes": 309,
                "fails": 0
            }
        }
    }
}
