{
    "metrics": {
        "checks": {
            "fails": 0,
            "passes": 168,
            "value": 0
        },
        "data_received": {
            "count": 1937591,
            "rate": 96879.17710235942
        },
        "data_sent": {
            "count": 127680,
            "rate": 6383.975427440182
        },
        "http_req_blocked": {
            "avg": 1362.5073020588236,
            "max": 2228.984059,
            "med": 1331.588164,
            "min": 0.004291,
            "p(90)": 1476.6966546,
            "p(95)": 2026.4908164999997
        },
        "http_req_connecting": {
            "avg": 290.6592867112298,
            "max": 342.500309,
            "med": 296.6257,
            "min": 0,
            "p(90)": 309.3666526,
            "p(95)": 311.405141
        },
        "http_req_duration": {
            "avg": 11096.675658074864,
            "max": 18353.723769,
            "med": 12207.430602,
            "min": 567.114489,
            "p(90)": 17387.525708,
            "p(95)": 17793.7576319
        },
        "http_req_receiving": {
            "avg": 0.1465618128342247,
            "max": 1.250377,
            "med": 0.139465,
            "min": 0.03969,
            "p(90)": 0.19818480000000002,
            "p(95)": 0.23843429999999993
        },
        "http_req_sending": {
            "avg": 0.07775944919786096,
            "max": 0.256701,
            "med": 0.069426,
            "min": 0.032358,
            "p(90)": 0.10265980000000001,
            "p(95)": 0.1247403
        },
        "http_req_tls_handshaking": {
            "avg": 850.8922125882353,
            "max": 1670.435377,
            "med": 822.83825,
            "min": 0,
            "p(90)": 926.0689738,
            "p(95)": 1478.6249782999998
        },
        "http_req_waiting": {
            "avg": 11096.451336812834,
            "max": 18353.560896,
            "med": 12207.018564,
            "min": 566.888138,
            "p(90)": 17387.359481800002,
            "p(95)": 17793.571147799998
        },
        "http_reqs": {
            "count": 187,
            "rate": 9.349964011053526
        },
        "iteration_duration": {
            "avg": 17586.063148261903,
            "max": 19971.562938,
            "med": 17643.47341,
            "min": 8578.190375,
            "p(90)": 19309.704755400002,
            "p(95)": 19777.98507905
        },
        "iterations": {
            "count": 84,
            "rate": 4.199983833842225
        },
        "vus": {
            "max": 100,
            "min": 100,
            "value": 100
        },
        "vus_max": {
            "max": 100,
            "min": 100,
            "value": 100
        }
    },
    "root_group": {
        "name": "",
        "path": "",
        "id": "d41d8cd98f00b204e9800998ecf8427e",
        "groups": {},
        "checks": {
            "is alumni status 200": {
                "name": "is alumni status 200",
                "path": "::is alumni status 200",
                "id": "5c17f51d4a8b7e94fb6e7746aa4ca517",
                "passes": 85,
                "fails": 0
            },
            "is linkedin alumni status 200": {
                "name": "is linkedin alumni status 200",
                "path": "::is linkedin alumni status 200",
                "id": "ea47acac2a341d9a20952af3620d7a35",
                "passes": 85,
                "fails": 0
            }
        }
    }
}
